{
	"format_version": "1.8.0",
	"animations": {
		"animation.model.reload": {
			"animation_length": 1.5833,
			"bones": {
				"main": {
					"rotation": {
						"0.0": {
							"vector": [0, 0, 0]
						},
						"0.0833": {
							"vector": [-0.61312, -6.97323, -8.96264]
						},
						"0.2083": {
							"vector": [-2.46841, -15.00235, -35.11286]
						},
						"0.2917": {
							"vector": [0, -17.5, -35]
						},
						"0.375": {
							"vector": [6.54554, -16.99672, -40.20904]
						},
						"0.5": {
							"vector": [11.54554, -16.99672, -40.20904]
						},
						"0.75": {
							"vector": [1.72541, -17.37488, -32.36796]
						},
						"0.9167": {
							"vector": [-1.71716, -16.93843, -37.59595]
						},
						"1.0": {
							"vector": [-4.96223, -16.62954, -34.9997]
						},
						"1.0417": {
							"vector": [-7.44161, -16.4166, -35.02508]
						},
						"1.1667": {
							"vector": [-7.13348, -15.84201, -27.23198]
						},
						"1.25": {
							"vector": [-5.87636, -8.61792, -7.48524]
						},
						"1.375": {
							"vector": [0, 0, 0]
						}
					},
					"position": {
						"0.0": {
							"vector": [0, 0, 0]
						},
						"0.0833": {
							"vector": [0, 0, 0]
						},
						"0.2083": {
							"vector": [0, 0, 0]
						},
						"0.2917": {
							"vector": [0, 0, 0]
						},
						"0.375": {
							"vector": [0.8125, -0.9375, 0]
						},
						"0.75": {
							"vector": [0.81, 0.31, 0]
						},
						"0.9167": {
							"vector": [0.81, 0.31, 0]
						},
						"1.0": {
							"vector": [0.81, 0.31, 0]
						},
						"1.0417": {
							"vector": [0.39814, 0.85381, 0.08541]
						},
						"1.1667": {
							"vector": [0.55697, -0.01225, 1.31254]
						},
						"1.25": {
							"vector": [0.53815, -1.42489, 0.64449]
						},
						"1.375": {
							"vector": [0, 0, 0]
						}
					}
				},
				"leftarm": {
					"rotation": {
						"0.0": {
							"vector": [0, 0, 0]
						},
						"0.2083": {
							"vector": [7.5, 0, 0]
						},
						"0.2917": {
							"vector": [7.5, 0, 0]
						},
						"0.375": {
							"vector": [19.17, 0, 0]
						},
						"0.5833": {
							"vector": [47.5, 0, 0]
						},
						"0.7917": {
							"vector": [47.5, 0, 0]
						},
						"1.0": {
							"vector": [19.17, 0, 0]
						},
						"1.0833": {
							"vector": [7.5, 0, 0]
						},
						"1.2917": {
							"vector": [0, 0, 12.5]
						},
						"1.4167": {
							"vector": [0, 0, 0]
						}
					},
					"position": {
						"0.0": {
							"vector": [0, 0, 0]
						},
						"0.2083": {
							"vector": [-1.8125, 0, 8.5625]
						},
						"0.2917": {
							"vector": [-4.3725, -2.4375, 8.56]
						},
						"0.375": {
							"vector": [-6.2525, -1.095, 9.195]
						},
						"0.4167": {
							"vector": [-7.5975, -3.195, 9.27]
						},
						"0.4583": {
							"vector": [-6.625, -14.2275, 9.34]
						},
						"0.5833": {
							"vector": [-2.185, -32.6875, 10.4975]
						},
						"0.7917": {
							"vector": [-2.185, -32.6875, 10.4975]
						},
						"0.9167": {
							"vector": [-6.625, -14.2275, 9.34]
						},
						"0.9583": {
							"vector": [-7.5975, -3.195, 9.27]
						},
						"1.0": {
							"vector": [-6.2525, -1.095, 9.195]
						},
						"1.0833": {
							"vector": [-4.3725, -2.4375, 8.56]
						},
						"1.2083": {
							"vector": [-1.315, -1.22, 4.28]
						},
						"1.2917": {
							"vector": [-2.4375, -3.25, 0]
						},
						"1.4167": {
							"vector": [0, 0, 0]
						}
					}
				},
				"magazine": {
					"rotation": {
						"0.2917": {
							"vector": [0, 0, 0]
						},
						"0.375": {
							"vector": [0, 0, 0]
						},
						"0.4167": {
							"vector": [0, 0, 0]
						},
						"0.5": {
							"vector": [0, 0, -7.5]
						},
						"0.5833": {
							"vector": [0, 0, -5]
						},
						"0.7917": {
							"vector": [0, 0, -5]
						},
						"0.875": {
							"vector": [0, 0, -7.5]
						},
						"0.9583": {
							"vector": [0, 0, 0]
						},
						"1.0": {
							"vector": [0, 0, 0]
						},
						"1.0833": {
							"vector": [0, 0, 0]
						}
					},
					"position": {
						"0.2917": {
							"vector": [0, 0, 0]
						},
						"0.375": {
							"vector": [0, -1, 0]
						},
						"0.4167": {
							"vector": [0, -5.3125, 0]
						},
						"0.4583": {
							"vector": [2.48, -14.55, 0]
						},
						"0.5833": {
							"vector": [10.9375, -42.25, 0]
						},
						"0.7917": {
							"vector": [10.9375, -42.25, 0]
						},
						"0.9167": {
							"vector": [2.48, -14.55, 0]
						},
						"0.9583": {
							"vector": [0, -5.3125, 0]
						},
						"1.0": {
							"vector": [0, -1, 0]
						},
						"1.0833": {
							"vector": [0, 0, 0]
						}
					}
				}
			},
			"sound_effects": {
				"0.2917": {
					"effect": "federov_reloadmagout"
				},
				"0.8333": {
					"effect": "federov_reloadmagin"
				}
			}
		},
		"animation.model.reloadempty": {
			"animation_length": 2.0417,
			"bones": {
				"main": {
					"rotation": {
						"0.0": {
							"vector": [0, 0, 0]
						},
						"0.0833": {
							"vector": [-0.61312, -6.97323, -8.96264]
						},
						"0.2083": {
							"vector": [-2.46841, -15.00235, -35.11286]
						},
						"0.2917": {
							"vector": [0, -17.5, -35]
						},
						"0.375": {
							"vector": [6.54554, -16.99672, -40.20904]
						},
						"0.5": {
							"vector": [11.54554, -16.99672, -40.20904]
						},
						"0.75": {
							"vector": [1.72541, -17.37488, -32.36796]
						},
						"0.9167": {
							"vector": [-1.71716, -16.93843, -37.59595]
						},
						"1.0": {
							"vector": [-4.96223, -16.62954, -34.9997]
						},
						"1.0417": {
							"vector": [-7.44161, -16.4166, -35.02508]
						},
						"1.1667": {
							"vector": [-7.13348, -15.84201, -27.23198]
						},
						"1.25": {
							"vector": [-5.87636, -8.61792, -7.48524]
						},
						"1.5417": {
							"vector": [-21.26765, 7.52076, 53.58597]
						},
						"1.5833": {
							"vector": [-20.57639, 9.30727, 58.30696]
						},
						"1.7083": {
							"vector": [-26.69746, 4.89285, 49.26224]
						},
						"1.8333": {
							"vector": [-11.68591, 3.05803, 30.7889]
						},
						"2.0417": {
							"vector": [0, 0, 0]
						}
					},
					"position": {
						"0.0": {
							"vector": [0, 0, 0]
						},
						"0.0833": {
							"vector": [0, 0, 0]
						},
						"0.2083": {
							"vector": [0, 0, 0]
						},
						"0.2917": {
							"vector": [0, 0, 0]
						},
						"0.375": {
							"vector": [0.8125, -0.9375, 0]
						},
						"0.75": {
							"vector": [0.81, 0.31, 0]
						},
						"0.9167": {
							"vector": [0.81, 0.31, 0]
						},
						"1.0": {
							"vector": [0.81, 0.31, 0]
						},
						"1.0417": {
							"vector": [0.39814, 0.85381, 0.08541]
						},
						"1.1667": {
							"vector": [0.55697, -0.01225, 1.31254]
						},
						"1.25": {
							"vector": [0.53815, -1.42489, 0.64449]
						},
						"1.5417": {
							"vector": [-5.3125, 0, 6.3125]
						},
						"1.5833": {
							"vector": [-5.3125, 0, 6.3125]
						},
						"1.7083": {
							"vector": [-5.3125, 0, 6.3125]
						},
						"1.7917": {
							"vector": [-3.04, 0, 8.2975]
						},
						"1.8333": {
							"vector": [-3.04, 0, 8.2975]
						},
						"1.9583": {
							"vector": [-1.21425, -0.14201, 5.0015]
						},
						"2.0417": {
							"vector": [0, 0, 0]
						}
					}
				},
				"leftarm": {
					"rotation": {
						"0.0": {
							"vector": [0, 0, 0]
						},
						"0.2083": {
							"vector": [7.5, 0, 0]
						},
						"0.2917": {
							"vector": [7.5, 0, 0]
						},
						"0.375": {
							"vector": [19.17, 0, 0]
						},
						"0.5833": {
							"vector": [47.5, 0, 0]
						},
						"0.7917": {
							"vector": [47.5, 0, 0]
						},
						"1.0": {
							"vector": [19.17, 0, 0]
						},
						"1.0833": {
							"vector": [7.5, 0, 0]
						},
						"1.2917": {
							"vector": [0, 0, 12.5]
						},
						"1.4167": {
							"vector": [0, 0, 0]
						},
						"1.5417": {
							"vector": [-14.89678, 15.38946, -17.28109]
						},