{
	"format_version": "1.8.0",
	"animations": {
		"animation.model.reloadempty": {
			"loop": "hold_on_last_frame",
			"animation_length": 2.1667,
			"bones": {
				"magazine": {
					"rotation": {
						"0.0": {
							"vector": [0, 0, 0]
						},
						"0.2083": {
							"vector": [0, 0, 0]
						},
						"0.375": {
							"vector": [-0.19009, -0.95645, 22.48072]
						},
						"0.875": {
							"vector": [-0.19009, -0.95645, 22.48072]
						},
						"1.0833": {
							"vector": [0, 0, 0]
						},
						"1.1667": {
							"vector": [0, 0, 0]
						}
					},
					"position": {
						"0.0": {
							"vector": [0, 0, 0]
						},
						"0.2083": {
							"vector": [8.8125, 0, 4.5625]
						},
						"0.375": {
							"vector": [17.8725, -25.625, 4.56]
						},
						"0.875": {
							"vector": [17.8725, -25.625, 4.56]
						},
						"1.0833": {
							"vector": [8.8125, 0, 4.5625]
						},
						"1.1667": {
							"vector": [0, 0, 0]
						}
					}
				},
				"leftarm": {
					"rotation": {
						"0.0": {
							"vector": [0, 0, 0]
						},
						"0.2083": {
							"vector": [14.27771, -17.52592, -1.7913]
						},
						"0.375": {
							"vector": [14.73211, -18.27627, 18.06309]
						},
						"0.875": {
							"vector": [14.73211, -18.27627, 18.06309]
						},
						"1.0833": {
							"vector": [5.43741, -26.90279, 1.48869]
						},
						"1.1667": {
							"vector": [-26.77056, -27.10882, 6.27294]
						},
						"1.25": {
							"vector": [-15.31506, -16.62706, 2.09507]
						},
						"1.4167": {
							"vector": [-16.87723, -16.60735, -22.98879]
						},
						"1.625": {
							"vector": [-32.01997, -7.3458, -112.03527]
						},
						"1.7917": {
							"vector": [-32.02, -7.35, -112.04]
						},
						"2.1667": {
							"vector": [0, 0, 0]
						}
					},
					"position": {
						"0.0": {
							"vector": [0, 0, 0]
						},
						"0.2083": {
							"vector": [5, 1.75, 3.625]
						},
						"0.375": {
							"vector": [11.63, -19.8725, 2.005]
						},
						"0.875": {
							"vector": [11.63, -19.8725, 2.005]
						},
						"1.0833": {
							"vector": [6.3125, -1, -1.25]
						},
						"1.1667": {
							"vector": [0, -2.1875, -9.6875]
						},
						"1.25": {
							"vector": [0, -2.19, -7.2525]
						},
						"1.3333": {
							"vector": [3.19, -1.79, -7.25]
						},
						"1.4167": {
							"vector": [6.375, 3.61, -7.25]
						},
						"1.625": {
							"vector": [-1.5, 25.435, -9.3125]
						},
						"1.7917": {
							"vector": [-1.42128, 25.58391, -0.87708]
						},
						"1.9167": {
							"vector": [-1, 18.585, -2.54]
						},
						"2.0": {
							"vector": [-0.00146, 13.93888, -1.73101]
						},
						"2.0833": {
							"vector": [0.83551, 7.51944, -0.87576]
						},
						"2.1667": {
							"vector": [0, 0, 0]
						}
					}
				},
				"main": {
					"rotation": {
						"0.0": {
							"vector": [0, 0, 0]
						},
						"0.125": {
							"vector": [-2.5, 0, 10]
						},
						"0.1667": {
							"vector": [-2.93439, -2.462, 10.00933]
						},
						"0.25": {
							"vector": [-0.03793, -0.43399, 9.99067]
						},
						"0.4167": {
							"vector": [-0.04, -0.43, 2.49]
						},
						"0.7917": {
							"vector": [3.5967, -0.95806, 8.69693]
						},
						"1.0417": {
							"vector": [2.20243, -1.14187, 9.95492]
						},
						"1.1667": {
							"vector": [2.36547, 1.75781, -0.03848]
						},
						"1.3333": {
							"vector": [0, 0, 0]
						},
						"1.625": {
							"vector": [-2.46207, 0.43399, 99.99067]
						},
						"1.8333": {
							"vector": [-2.89592, -2.02809, 99.99671]
						},
						"1.9167": {
							"vector": [-2.46207, 0.43399, 99.99067]
						},
						"2.1667": {
							"vector": [0, 0, 0]
						}
					},
					"position": {
						"0.0": {
							"vector": [0, 0, 0]
						},
						"0.125": {
							"vector": [0, 0, 0]
						},
						"0.25": {
							"vector": [0, -2.3125, 0]
						},
						"0.4167": {
							"vector": [0, -0.4375, 0]
						},
						"0.5": {
							"vector": [0, -0.0625, 0]
						},
						"0.7917": {
							"vector": [0, -2.44, 0]
						},
						"1.125": {
							"vector": [-0.75, -1.245, 0]
						},
						"1.1667": {
							"vector": [-1.75, -0.37, 0]
						},
						"1.3333": {
							"vector": [0, 0, 0]
						},
						"1.625": {
							"vector": [0, 0, 0]
						},
						"1.8333": {
							"vector": [0, 0, 1.125]
						},
						"1.9167": {
							"vector": [0, 0, 0.88]
						},
						"2.1667": {
							"vector": [0, 0, 0]
						}
					}
				},
				"Bolt": {
					"rotation": {
						"0.0": {
							"vector": [0, 0, 0]
						},
						"1.625": {
							"vector": [0, 0, 0]
						},
						"1.7917": {
							"vector": [0, 0, 0]
						}
					},
					"position": {
						"0.0": {
							"vector": [0, 0, -9.1875]
						},
						"1.625": {
							"vector": [0, 0, -9.1875]
						},
						"1.7917": {
							"vector": [0, 0, 0]
						}
					}
				},
				"rightarm": {
					"rotation": {
						"1.2917": {
							"vector": [0, 0, 0]
						},
						"1.625": {
							"vector": [-0.50409, 2.18044, -52.1097]
						},
						"1.875": {
							"vector": [-0.50409, 2.18044, -52.1097]
						},
						"2.1667": {
							"vector": [0, 0, 0]
						}
					},
					"position": {
						"1.2917": {
							"vector": [0, 0, 0]
						},
						"1.625": {
							"vector": [11.5625, -9.9375, 0]
						},
						"1.875": {
							"vector": [11.5625, -9.9375, 0]
						},
						"2.1667": {
							"vector": [0, 0, 0]
						}
					}
				},
				"bullet2": {
					"position": {
						"0.0": {
							"vector": [0.4375, 0, 0.3125]
						},
						"0.4583": {
							"vector": [0.4375, 0, 0.3125]
						},
						"0.5": {
							"vector": [0, 0, 0]
						}
					}
				}
			},
			"sound_effects": {
				"0.0": {
					"effect": "mp18_magout"
				},
				"0.0833": {
					"effect": "mp18_drum_magout_rattle"
				},
				"1.0417": {
					"effect": "mp18_magin"
				},
				"1.625": {
					"effect": "mp18_boltback"
				}
			}
		},
		"animation.model.reload": {
			"loop": "hold_on_last_frame",
			"animation_length": 1.3333,
			"bones": {
				"magazine": {
					"rotation": {
						"0.0": {
							"vector": [0, 0, 0]
						},
						"0.2083": {
							"vector": [0, 0, 0]
						},
						"0.375": {
							"vector": [-0.19009, -0.95645, 22.48072]
						},
						"0.875": {
							"vector": [-0.19009, -0.95645, 22.48072]
						},
						"1.0833": {
							"vector": [0, 0, 0]
						},
						"1.1667": {
							"vector": [0, 0, 0]
						}
					},
					"position": {
						"0.0": {
							"vector": [0, 0, 0]
						},
						"0.2083": {
							"vector": [8.8125, 0, 4.5625]
						},
						"0.375": {
							"vector": [17.8725, -25.625, 4.56]
						},
						"0.875": {
							"vector": [17.8725, -25.625, 4.56]
						},
						"1.0833": {
							"vector": [8.8125, 0, 4.5625]
						},
						"1.1667": {
							"vector": [0, 0, 0]
						}
					}
				},
				"leftarm": {
					"rotation": {
						"0.0": {
							"vector": [0, 0, 0]
						},
						"0.2083": {
							"vector": [14.27771, -17.52592, -1.7913]
						},
						"0.375": {
							"vector": [14.73211, -18.27627, 18.06309]
						},
						"0.875": {
							"vector": [14.73211, -18.27627, 18.06309]
						},
						"1.0833": {
							"vector": [5.43741, -26.90279, 1.48869]
						},
						"1.1667": {
							"vector": [-26.77056, -27.10882, 6.27294]
						},
						"1.25": {
							"vector": [-15.31506, -16.62706, 2.09507]
						},
						"1.3333": {
							"vector": [0, 0, 0]
						}
					},
					"position": {
						"0.0": {
							"vector": [0, 0, 0]
						},
						"0.2083": {
							"vector": [5, 1.75, 3.625]
						},
						"0.375": {
							"vector": [11.63, -19.8725, 2.005]
						},
						"0.875": {
							"vector": [11.63, -19.8725, 2.005]
						},
						"1.0833": {
							"vector": [6.3125, -1, -1.25]
						},
						"1.1667": {
							"vector": [0, -2.1875, -9.6875]
						},
						"1.25": {
							"vector": [0, -2.19, -7.2525]
						},
						"1.3333": {
							"vector": [0, 0, 0]
						}
					}
				},