{
	"format_version": "1.8.0",
	"animations": {
		"animation.model.reloadempty": {
			"loop": "hold_on_last_frame",
			"animation_length": 2.1667,
			"bones": {
				"magazine": {
					"rotation": {
						"0.0": {
							"vector": [0, 0, 0]
						},
						"0.2083": {
							"vector": [0, 0, 0]
						},
						"0.375": {
							"vector": [-0.19009, -0.95645, 22.48072]
						},
						"0.875": {
							"vector": [-0.19009, -0.95645, 22.48072]
						},
						"1.0833": {
							"vector": [0, 0, 0]
						},
						"1.1667": {
							"vector": [0, 0, 0]
						}
					},
					"position": {
						"0.0": {
							"vector": [0, 0, 0]
						},
						"0.2083": {
							"vector": [7.3125, 0, 0]
						},
						"0.375": {
							"vector": [18.06278, -28.11775, 4.56029]
						},
						"0.875": {
							"vector": [18.06278, -28.11775, 4.56029]
						},
						"1.0833": {
							"vector": [7.3125, 0, 0]
						},
						"1.1667": {
							"vector": [0, 0, 0]
						}
					}
				},
				"main": {
					"rotation": {
						"0.0": {
							"vector": [0, 0, 0]
						},
						"0.125": {
							"vector": [-2.5, 0, 10]
						},
						"0.1667": {
							"vector": [-2.93439, -2.462, 10.00933]
						},
						"0.25": {
							"vector": [-0.03793, -0.43399, 9.99067]
						},
						"0.4167": {
							"vector": [-0.04, -0.43, 2.49]
						},
						"0.7917": {
							"vector": [3.5967, -0.95806, 8.69693]
						},
						"1.0417": {
							"vector": [2.20243, -1.14187, 9.95492]
						},
						"1.1667": {
							"vector": [2.36547, 1.75781, -0.03848]
						},
						"1.2917": {
							"vector": [0, 0, 0]
						},
						"1.625": {
							"vector": [-2.46207, 0.43399, 99.99067]
						},
						"1.8333": {
							"vector": [-2.89592, -2.02809, 99.99671]
						},
						"1.9167": {
							"vector": [-2.46207, 0.43399, 99.99067]
						},
						"2.1667": {
							"vector": [0, 0, 0]
						}
					},
					"position": {
						"0.0": {
							"vector": [0, 0, 0]
						},
						"0.125": {
							"vector": [0, 0, 0]
						},
						"0.25": {
							"vector": [0, -2.3125, 0]
						},
						"0.4167": {
							"vector": [0, -0.4375, 0]
						},
						"0.5": {
							"vector": [0, -0.0625, 0]
						},
						"0.7917": {
							"vector": [0, -2.44, 0]
						},
						"1.125": {
							"vector": [-0.75, -1.245, 0]
						},
						"1.1667": {
							"vector": [-1.75, -0.37, 0]
						},
						"1.2917": {
							"vector": [0, 0, 0]
						},
						"1.625": {
							"vector": [0, 0, 0]
						},
						"1.8333": {
							"vector": [0, 0, 1.125]
						},
						"1.9167": {
							"vector": [0, 0, 0.88]
						},
						"2.1667": {
							"vector": [0, 0, 0]
						}
					}
				},
				"Bolt": {
					"rotation": {
						"0.0": {
							"vector": [0, 0, 0]
						},
						"1.625": {
							"vector": [0, 0, 0]
						},
						"1.7917": {
							"vector": [0, 0, 0]
						}
					},
					"position": {
						"0.0": {
							"vector": [0, 0, -9.1875]
						},
						"1.625": {
							"vector": [0, 0, -9.1875]
						},
						"1.7917": {
							"vector": [0, 0, 0]
						}
					}
				},
				"rightarm": {
					"rotation": {
						"1.2917": {
							"vector": [0, 0, 0]
						},
						"1.625": {
							"vector": [-0.50409, 2.18044, -52.1097]
						},
						"1.875": {
							"vector": [-0.50409, 2.18044, -52.1097]
						},
						"2.1667": {
							"vector": [0, 0, 0]
						}
					},
					"position": {
						"1.2917": {
							"vector": [0, 0, 0]
						},
						"1.625": {
							"vector": [5.125, -2, 1.125]
						},
						"1.875": {
							"vector": [5.125, -2, 1.125]
						},
						"2.1667": {
							"vector": [0, 0, 0]
						}
					}
				},
				"bullet": {
					"rotation": {
						"0.0": {
							"vector": [0, 0, 0]
						},
						"0.8333": {
							"vector": [0, 0, 0]
						},
						"0.875": {
							"vector": [0, 0, 0]
						}
					},
					"position": {
						"0.0": {
							"vector": [2.5, 0, 0]
						},
						"0.8333": {
							"vector": [2.5, 0, 0]
						},
						"0.875": {
							"vector": [0, 0, 0]
						}
					}
				},
				"leftarm": {
					"rotation": {
						"0.0": {
							"vector": [0, 0, 0]
						},
						"0.2083": {
							"vector": [0, 0, 0]
						},
						"0.375": {
							"vector": [8.34333, 5.56141, -0.77763]
						},
						"0.875": {
							"vector": [8.34333, 5.56141, -0.77763]
						},
						"1.0833": {
							"vector": [0, 0, 0]
						},
						"1.1667": {
							"vector": [0, 0, 0]
						},
						"1.2083": {
							"vector": [0, 0, 0]
						},
						"1.5833": {
							"vector": [-3.13964, 0.83592, -94.56617]
						},
						"1.7917": {
							"vector": [-3.13964, 0.83592, -94.56617]
						},
						"2.1667": {
							"vector": [0, 0, 0]
						}
					},
					"position": {
						"0.0": {
							"vector": [0, 0, 0]
						},
						"0.2083": {
							"vector": [4.67634, 0.82149, -0.13956]
						},
						"0.375": {
							"vector": [14.10359, -21.02542, 5.92934]
						},
						"0.875": {
							"vector": [14.10359, -21.02542, 5.92934]
						},
						"1.0833": {
							"vector": [4.67634, 0.82149, -0.13956]
						},
						"1.1667": {
							"vector": [-0.93706, 0.00182, -0.02871]
						},
						"1.2083": {
							"vector": [0, 0, 0]
						},
						"1.2917": {
							"vector": [2.49, -2.5525, 0.93]
						},
						"1.4167": {
							"vector": [6.215, 10.03, 2.33]
						},
						"1.5833": {
							"vector": [-1.1875, 18.0625, 4.1875]
						},
						"1.7917": {
							"vector": [-1.1875, 18.0625, 14.75]
						},
						"2.1667": {
							"vector": [0, 0, 0]
						}
					}
				}
			},
			"sound_effects": {
				"0.0": {
					"effect": "mp18_magout"
				},
				"0.0833": {
					"effect": "mp18_drum_magout_rattle"
				},
				"1.0417": {
					"effect": "mp18_magin"
				},
				"1.625": {
					"effect": "mp18_boltback"
				}
			}
		},
		"animation.model.reload": {
			"loop": "hold_on_last_frame",
			"animation_length": 1.3333,
			"bones": {
				"magazine": {
					"rotation": {
						"0.0": {
							"vector": [0, 0, 0]
						},
						"0.2083": {
							"vector": [0, 0, 0]
						},
						"0.375": {
							"vector": [-0.19009, -0.95645, 22.48072]
						},
						"0.875": {
							"vector": [-0.19009, -0.95645, 22.48072]
						},
						"1.0833": {
							"vector": [0, 0, 0]
						},
						"1.1667": {
							"vector": [0, 0, 0]
						}
					},
					"position": {
						"0.0": {
							"vector": [0, 0, 0]
						},
						"0.2083": {
							"vector": [7.3125, 0, 0]
						},
						"0.375": {
							"vector": [18.06278, -28.11775, 4.56029]
						},
						"0.875": {
							"vector": [18.06278, -28.11775, 4.56029]
						},
						"1.0833": {
							"vector": [7.3125, 0, 0]
						},
						"1.1667": {
							"vector": [0, 0, 0]
						}
					}
				},
				"main": {
					"rotation": {
						"0.0": {
							"vector": [0, 0, 0]
						},
						"0.125": {
							"vector": [-2.5, 0, 10]
						},
						"0.1667": {
							"vector": [-2.93439, -2.462, 10.00933]
						},
						"0.25": {
							"vector": [-0.03793, -0.43399, 9.99067]
						},
						"0.4167": {
							"vector": [-0.04, -0.43, 2.49]
						},
						"0.7917": {
							"vector": [3.5967, -0.95806, 8.69693]
						},
						"1.0417": {
							"vector": [2.20243, -1.14187, 9.95492]
						},
						"1.1667": {
							"vector": [2.36547, 1.75781, -0.03848]
						},
						"1.3333": {
							"vector": [0, 0, 0]
						}
					},
					"position": {
						"0.0": {
							"vector": [0, 0, 0]
						},
						"0.125": {
							"vector": [0, 0, 0]
						},
						"0.25": {
							"vector": [0, -2.3125, 0]
						},
						"0.4167": {
							"vector": [0, -0.4375, 0]
						},
						"0.5": {
							"vector": [0, -0.0625, 0]
						},
						"0.7917": {
							"vector": [0, -2.44, 0]
						},
						"1.125": {
							"vector": [-0.75, -1.245, 0]
						},
						"1.1667": {
							"vector": [-1.75, -0.37, 0]
						},
						"1.3333": {
							"vector": [0, 0, 0]
						}
					}
				},
				"Bolt": {
					"rotation": {
						"vector": [0, 0, 0]
					},
					"position": {
						"vector": [0, 0, -9.1875]
					}
				},