{
	"format_version": "1.8.0",
	"animations": {
		"animation.model.reloadempty": {
			"loop": "hold_on_last_frame",
			"animation_length": 2.2667,
			"blend_weight": "1",
			"bones": {
				"leftarm": {
					"rotation": {
						"0.0": {
							"vector": [0, 0, 0]
						},
						"0.2": {
							"vector": [5, 0, 0]
						},
						"0.2667": {
							"vector": [12.5, 0, 0]
						},
						"0.5667": {
							"vector": [60, 0, 0]
						},
						"0.8667": {
							"vector": [60, 0, 0]
						},
						"1.2667": {
							"vector": [12.5, 0, 0]
						},
						"1.3333": {
							"vector": [5, 0, 0]
						},
						"2.1": {
							"vector": [5, 0, 0]
						},
						"2.2333": {
							"vector": [0, 0, 0]
						}
					},
					"position": {
						"0.0": {
							"vector": [0, 0, 0]
						},
						"0.1333": {
							"vector": [2.73919, -2.78056, -3.15654]
						},
						"0.2": {
							"vector": [2.74495, -2.78217, -4.87276]
						},
						"0.2667": {
							"vector": [2.39222, -5.2845, -4.75875]
						},
						"0.5667": {
							"vector": [6.89111, -18.27251, 21.41307]
						},
						"0.8667": {
							"vector": [6.89111, -18.27251, 21.41307]
						},
						"1.2667": {
							"vector": [2.39222, -5.2845, -4.75875]
						},
						"1.3333": {
							"vector": [2.74495, -2.78217, -4.87276]
						},
						"1.4667": {
							"vector": [2.73919, -2.78056, -3.15654]
						},
						"2.1": {
							"vector": [2.73919, -2.78056, -3.15654]
						},
						"2.2333": {
							"vector": [0, 0, 0]
						}
					}
				},
				"rightarm": {
					"rotation": {
						"1.6333": {
							"vector": [0, 0, 0]
						},
						"1.8": {
							"vector": [0, 10, 0]
						},
						"1.9667": {
							"vector": [-3.54537, 0.98808, 5.60247]
						},
						"2.1333": {
							"vector": [0, 0, 0]
						}
					},
					"position": {
						"0.0": {
							"vector": [0, -0.25, -0.25]
						},
						"1.6333": {
							"vector": [0, -0.25, -0.25]
						},
						"1.7": {
							"vector": [-6.23552, -0.83908, -3.45013]
						},
						"1.8": {
							"vector": [-4.88684, 5.81941, -16.53517]
						},
						"1.9667": {
							"vector": [-7.80986, 6.14307, -10.85294]
						},
						"2.0667": {
							"vector": [-7.91614, 1.13789, -4.44405]
						},
						"2.1333": {
							"vector": [0, -0.25, -0.25]
						}
					}
				},
				"Bolt": {
					"position": {
						"1.8": {
							"vector": [0, 0, -9.25]
						},
						"1.9667": {
							"vector": [0, 0, 0]
						}
					}
				},
				"main": {
					"rotation": {
						"0.0": {
							"vector": [0, 0, 0]
						},
						"0.1": {
							"vector": [-5.99504, -0.25784, 1.54933]
						},
						"0.1667": {
							"vector": [-9.85108, -1.72794, -9.85108]
						},
						"0.2667": {
							"vector": [-0.03452, -1.08081, -2.37676]
						},
						"0.4": {
							"vector": [-7.41275, -1.73157, -7.33575]
						},
						"0.5333": {
							"vector": [-11.30041, -1.99118, -8.85374]
						},
						"0.8667": {
							"vector": [-3.51957, -2.64019, -12.64872]
						},
						"1.1": {
							"vector": [-1.57297, -3.0945, -15.30521]
						},
						"1.2667": {
							"vector": [-9.46826, -3.41901, -17.2027]
						},
						"1.3667": {
							"vector": [-14.13904, -4.3362, -22.12547]
						},
						"1.5": {
							"vector": [-9.47836, -3.52693, -17.17971]
						},
						"1.6667": {
							"vector": [-9.6787, 2.93638, 19.77855]
						},
						"1.8": {
							"vector": [-9.92694, 1.87248, 13.6176]
						},
						"1.9667": {
							"vector": [-12.43, 1.87, 13.62]
						},
						"2.0667": {
							"vector": [-9.92694, 1.87248, 13.6176]
						},
						"2.2667": {
							"vector": [0, 0, 0]
						}
					},
					"position": {
						"0.0": {
							"vector": [0, 0, 0]
						},
						"0.1667": {
							"vector": [-0.27133, 1.51538, 0.2672]
						},
						"0.2667": {
							"vector": [-0.27, 0.7075, 0.27]
						},
						"0.5667": {
							"vector": [-0.27, 1.585, 0.27]
						},
						"1.1": {
							"vector": [0.10169, 0.12145, 0.31015]
						},
						"1.3667": {
							"vector": [-0.55224, 2.47065, 0.42397]
						},
						"1.5": {
							"vector": [-0.19254, 1.35452, 0.22482]
						},
						"1.6667": {
							"vector": [-0.24054, 0.4928, 5.06753]
						},
						"1.8": {
							"vector": [-0.24, 1.0525, 5.07]
						},
						"1.9667": {
							"vector": [-0.49278, -0.28013, 7.13885]
						},
						"2.0667": {
							"vector": [-0.24, 1.0525, 5.07]
						},
						"2.2667": {
							"vector": [0, 0, 0]
						}
					}
				},
				"magazine2": {
					"rotation": {
						"0.2": {
							"vector": [0, 0, 0]
						},
						"0.2667": {
							"vector": [0, 0, 0]
						},
						"0.3": {
							"vector": [179.9999, -4.0625, -179.9999]
						},
						"0.5667": {
							"vector": [0, -42.5, 0]
						},
						"0.8667": {
							"vector": [0, -42.5, 0]
						},
						"1.2667": {
							"vector": [179.9999, -4.0625, -179.9999]
						},
						"1.3": {
							"vector": [0, 0, 0]
						},
						"1.3667": {
							"vector": [0, 0, 0]
						}
					},
					"position": {
						"0.2": {
							"vector": [0, 0, 0]
						},
						"0.2667": {
							"vector": [0, -3.48668, -0.30505]
						},
						"0.3": {
							"vector": [-0.005, -3.30835, 0.47961]
						},
						"0.5667": {
							"vector": [10, -20.5625, 20.5625]
						},
						"0.8667": {
							"vector": [10, -20.5625, 20.5625]
						},
						"1.2667": {
							"vector": [-0.005, -3.30835, 0.47961]
						},
						"1.3": {
							"vector": [0, -3.48668, -0.30505]
						},
						"1.3667": {
							"vector": [0, 0, 0]
						}
					}
				},
				"Bullet": {
					"rotation": {
						"0.0": {
							"vector": [0, 0, 0]
						},
						"0.8333": {
							"vector": [0, 0, 0]
						},
						"0.8667": {
							"vector": [0, 0, 0]
						}
					},
					"position": {
						"0.0": {
							"vector": [0.01777, -0.99785, 0.06306]
						},
						"0.8333": {
							"vector": [0.01777, -0.99785, 0.06306]
						},
						"0.8667": {
							"vector": [0, 0, 0]
						}
					}
				}
			},
			"sound_effects": {
				"0.2": {
					"effect": "ppshout"
				},
				"1.2333": {
					"effect": "ppshin"
				},
				"1.8": {
					"effect": "ppshpull"
				}
			}
		},
		"animation.model.reload": {
			"loop": "hold_on_last_frame",
			"animation_length": 1.7,
			"blend_weight": "1",
			"bones": {
				"leftarm": {
					"rotation": {
						"0.0": {
							"vector": [0, 0, 0]
						},
						"0.2": {
							"vector": [5, 0, 0]
						},
						"0.2667": {
							"vector": [12.5, 0, 0]
						},
						"0.5333": {
							"vector": [60, 0, 0]
						},
						"0.8667": {
							"vector": [60, 0, 0]
						},
						"1.2667": {
							"vector": [12.5, 0, 0]
						},
						"1.3333": {
							"vector": [5, 0, 0]
						},
						"1.5667": {
							"vector": [0, 0, 0]
						}
					},
					"position": {
						"0.0": {
							"vector": [0, 0, 0]
						},
						"0.1333": {
							"vector": [2.73919, -2.78056, -3.15654]
						},
						"0.2": {
							"vector": [2.74495, -2.78217, -4.87276]
						},
						"0.2667": {
							"vector": [2.39222, -5.2845, -4.75875]
						},
						"0.5333": {
							"vector": [6.89111, -18.27251, 21.41307]
						},
						"0.8667": {
							"vector": [6.89111, -18.27251, 21.41307]
						},
						"1.2667": {
							"vector": [2.39222, -5.2845, -4.75875]
						},
						"1.3333": {
							"vector": [2.74495, -2.78217, -4.87276]
						},
						"1.4667": {
							"vector": [2.73919, -2.78056, -3.15654]
						},
						"1.5667": {
							"vector": [0, 0, 0]
						}
					}
				},
				"rightarm": {
					"position": {
						"vector": [0, -0.25, -0.25]
					}
				},
				"main": {
					"rotation": {
						"0.0": {
							"vector": [0, 0, 0]
						},
						"0.1": {
							"vector": [-5.99504, -0.25784, 1.54933]
						},
						"0.1667": {
							"vector": [-9.85108, -1.72794, -9.85108]
						},
						"0.2667": {
							"vector": [-0.03452, -1.08081, -2.37676]
						},
						"0.4": {
							"vector": [-7.41275, -1.73157, -7.33575]
						},
						"0.5333": {
							"vector": [-11.30041, -1.99118, -8.85374]
						},